<beans xmlns="http://www.springframework.org/schema/beans"
	xmlns:xsi="http://www.w3.org/2001/XMLSchema-instance"
	xmlns:jee="http://www.springframework.org/schema/jee"
	xsi:schemaLocation="http://www.springframework.org/schema/beans 
						http://www.springframework.org/schema/beans/spring-beans-2.5.xsd
						http://www.springframework.org/schema/jee 
						http://www.springframework.org/schema/jee/spring-jee.xsd">
						
	<bean id="dataSource" class="oracle.jdbc.pool.OracleDataSource" destroy-method="close"> 
        <property name="URL" value="jdbc:oracle:thin:@localhost:1521:xe" /> 
        <property name="user" value="sfs"/> 
        <property name="password" value="sfs"/> 
    </bean>
    
    <bean id="secureKeyGenerator" class="org.securefilesharing.util.SecureKeyGenerator">
	</bean>
	
    
    <bean id="service" class="org.securefilesharing.service.ServiceImpl">
		<property name="dataSource" ref="dataSource" />
	</bean>
    		
	
	<bean name="/signup.view"  class="org.securefilesharing.contoller.SignupContoller" >
		<property name="service" ref="service" />
		<property name="secureKeyGenerator" ref="secureKeyGenerator" />
	</bean>
	
	<bean name="/login.view"  class="org.securefilesharing.contoller.LoginContoller">
		<property name="service" ref="service" />
	</bean>
	
	<bean name="/upload.view"  class="org.securefilesharing.contoller.FileUploadController">
		<property name="service" ref="service" />
	</bean>
	
	<bean name="/logout.view"  class="org.securefilesharing.contoller.LogoutContoller" />
		
    <bean id="viewResolver"  class="org.springframework.web.servlet.view.InternalResourceViewResolver" >
        <property name="prefix">
            <value>/jsp/</value>
        </property>
        <property name="suffix">
            <value>.jsp</value>
        </property>
    </bean>
    
    <bean id="multipartResolver"
        class="org.springframework.web.multipart.commons.CommonsMultipartResolver">
 
         <!-- setting maximum upload size -->
        <property name="maxUploadSize" value="1000000000000" />
 
    </bean>
    
</beans>